src_x,src_y,ref_x,ref_y,ecc_rho
1238.0000,2325.0000,1285.9209,380.3603,0.7436
1538.0000,2012.0000,1585.3702,67.5656,0.8891
1612.0000,2088.0000,1661.8672,144.6598,0.9115
1562.0000,2175.0000,1611.6130,231.0012,0.8817
1550.0000,2225.0000,1600.9778,282.1988,0.9573
1975.0000,2288.0000,2023.7821,338.6833,0.7834
2325.0000,2312.0000,2372.8409,359.0486,0.8384
2175.0000,2325.0000,2225.2243,374.7075,0.8903
2575.0000,2338.0000,2623.5038,384.1278,0.8765
1838.0000,2362.0000,1888.0688,414.2457,0.8463
2400.0000,2362.0000,2448.7018,409.4230,0.8444
2088.0000,2388.0000,2139.0517,439.0550,0.8636
1762.0000,2400.0000,1811.9095,452.4955,0.8941
2250.0000,2400.0000,2301.4595,449.8896,0.8915
1950.0000,2412.0000,2001.5693,464.5267,0.8635
2425.0000,2425.0000,2475.3911,473.5106,0.9018
1912.0000,2438.0000,1962.8285,489.9837,0.9142
2400.0000,2438.0000,2451.1570,487.1297,0.9135
2200.0000,2450.0000,2251.5991,500.7145,0.8852
2400.0000,2462.0000,2451.8476,511.7514,0.8428
1762.0000,2475.0000,1812.2292,526.8580,0.9080
2238.0000,2475.0000,2289.9698,525.6410,0.9190
1912.0000,2488.0000,1962.4631,539.0331,0.9009
2238.0000,2500.0000,2289.8545,550.2412,0.9093
1838.0000,2512.0000,1888.2564,562.7690,0.8649
2288.0000,2512.0000,2340.0441,561.8839,0.8798
1988.0000,2538.0000,2037.8740,587.4830,0.8097
2475.0000,2538.0000,2526.1223,585.6549,0.7881
1938.0000,2550.0000,1987.3213,599.1302,0.8911
2438.0000,2550.0000,2489.4950,597.9009,0.7887
1938.0000,2575.0000,1986.9275,623.7065,0.8960
2475.0000,2575.0000,2525.7344,621.7135,0.6738
1938.0000,2588.0000,1986.7213,636.4453,0.8647
3588.0000,2012.0000,3635.3747,56.1949,0.8904
3462.0000,2038.0000,3508.7584,80.9007,0.9374
3588.0000,2050.0000,3635.9291,94.2472,0.9097
3588.0000,2075.0000,3636.1743,119.2231,0.9073
3600.0000,2088.0000,3648.4060,132.2342,0.9057
3562.0000,2112.0000,3610.6517,156.3429,0.9397
3512.0000,2125.0000,3559.9391,169.1096,0.9135
3625.0000,2138.0000,3674.7380,183.1432,0.9489
3325.0000,2162.0000,3372.1082,205.4780,0.9186
3562.0000,2175.0000,3611.3575,219.9163,0.9444
3362.0000,2200.0000,3408.2634,242.2561,0.9325
3462.0000,2225.0000,3508.9488,267.1261,0.9083
3638.0000,2238.0000,3688.2513,282.6264,0.8829
3525.0000,2275.0000,3572.7788,317.5834,0.8920
3450.0000,2300.0000,3496.4477,341.4361,0.8540
2700.0000,2312.0000,2747.7050,357.0979,0.8216
3250.0000,2312.0000,3298.0928,354.2442,0.7895
2650.0000,2325.0000,2698.6376,371.4394,0.7683
3038.0000,2338.0000,3085.2123,381.4424,0.8897
3562.0000,2338.0000,3611.0262,381.0795,0.9321
2812.0000,2350.0000,2861.0014,395.5611,0.8497
3288.0000,2350.0000,3336.7168,393.6732,0.8438
3750.0000,2350.0000,3800.4441,393.1664,0.9209
3000.0000,2362.0000,3048.4183,405.7278,0.8436
3288.0000,2375.0000,3338.4403,420.0559,0.8935
2738.0000,2388.0000,2788.1542,434.7496,0.8648
3188.0000,2388.0000,3237.2986,432.5825,0.8710
3662.0000,2388.0000,3712.1942,431.3236,0.9017
3262.0000,2400.0000,3312.9596,445.4463,0.9387
3488.0000,2412.0000,3538.5664,455.9993,0.8694
2800.0000,2425.0000,2850.2511,471.3523,0.8727
3362.0000,2425.0000,3412.9581,469.4524,0.8654
2700.0000,2438.0000,2750.4040,484.8918,0.8637
3038.0000,2450.0000,3087.9361,494.5668,0.8498
3625.0000,2450.0000,3675.3619,492.8868,0.9099
2912.0000,2462.0000,2961.8131,507.2117,0.9053
3362.0000,2462.0000,3412.8409,506.2252,0.8654
2700.0000,2475.0000,2750.8159,521.6075,0.8409
3112.0000,2488.0000,3161.5260,532.0199,0.9315
3675.0000,2488.0000,3725.6608,530.7686,0.9424
3025.0000,2500.0000,3074.6672,544.2374,0.8977
3488.0000,2500.0000,3539.5107,542.9715,0.9331
2812.0000,2525.0000,2861.3086,569.5155,0.9279
3300.0000,2525.0000,3350.2726,568.6665,0.8253
3750.0000,2525.0000,3801.6690,568.2575,0.9385
3138.0000,2538.0000,3187.6859,581.5970,0.8258
3625.0000,2538.0000,3674.0882,579.2839,0.9197
3025.0000,2562.0000,3074.0697,605.2634,0.9577
3488.0000,2562.0000,3538.3341,604.6002,0.8587
2950.0000,2575.0000,2998.5251,617.9306,0.9405
3400.0000,2575.0000,3450.2426,617.5346,0.9121
3938.0000,2000.0000,3986.1903,42.6035,0.8936
4038.0000,2012.0000,4087.1759,55.4777,0.9319
3975.0000,2050.0000,4023.2780,93.0195,0.9259
3812.0000,2100.0000,3861.0380,144.3582,0.7481
3862.0000,2338.0000,3912.6442,381.1723,0.9241
2600.0000,2612.0000,2648.7775,656.1650,0.8470
3062.0000,2612.0000,3111.6301,655.5336,0.9031
3512.0000,2612.0000,3563.3707,655.2297,0.9047
2975.0000,2625.0000,3024.4108,668.2472,0.9216
3438.0000,2625.0000,3488.9145,667.8472,0.9439
2875.0000,2650.0000,2923.8168,693.0314,0.9217
3350.0000,2650.0000,3401.2793,692.7005,0.7721
2900.0000,2662.0000,2948.9848,705.0990,0.9224
3375.0000,2662.0000,3425.2997,704.2640,0.9415
2750.0000,2688.0000,2798.5203,730.4229,0.9237
3200.0000,2688.0000,3250.7881,730.9073,0.8473
3662.0000,2688.0000,3712.9263,729.6607,0.8763
3238.0000,2700.0000,3288.8301,742.2299,0.9069
3512.0000,2712.0000,3562.3078,753.2184,0.8846
3125.0000,2725.0000,3175.0398,767.4358,0.9305
3575.0000,2725.0000,3625.2814,765.9704,0.9154
3025.0000,2738.0000,3074.5903,780.3292,0.8397
3400.0000,2750.0000,3449.7427,790.7418,0.9364
2762.0000,2762.0000,2810.3379,804.0355,0.9280
3250.0000,2762.0000,3300.0449,803.6132,0.8681
3725.0000,2762.0000,3775.2061,802.1822,0.8898
3212.0000,2775.0000,3262.1330,816.9186,0.9387
3538.0000,2788.0000,3587.8939,827.7484,0.9558
2950.0000,2800.0000,2998.2178,841.1624,0.9533
3462.0000,2800.0000,3511.3769,839.7188,0.8970
3062.0000,2812.0000,3112.2737,853.7863,0.9224
3512.0000,2825.0000,3561.8401,864.6602,0.9495
2950.0000,2838.0000,2997.9684,878.6176,0.9348
3475.0000,2838.0000,3524.4431,877.5700,0.8570
3350.0000,2850.0000,3399.7832,889.8835,0.8011
3612.0000,2862.0000,3661.6354,901.2594,0.9523
3238.0000,2875.0000,3288.6887,916.5668,0.8690
3750.0000,2875.0000,3801.0061,915.0554,0.9296
3425.0000,2900.0000,3473.3098,938.4501,0.8631
3062.0000,2912.0000,3111.4592,950.6095,0.7658
3612.0000,2912.0000,3661.6311,950.9885,0.8964
3350.0000,2938.0000,3397.8685,975.8517,0.9109
3788.0000,2938.0000,3839.1135,976.8478,0.9128
3575.0000,2950.0000,3623.5657,987.7539,0.9037
3462.0000,2975.0000,3509.6125,1011.8544,0.8754
3650.0000,2988.0000,3699.2592,1025.6604,0.9137
3388.0000,3025.0000,3435.0540,1060.6131,0.8745
3688.0000,3050.0000,3736.5871,1086.1940,0.9027
3725.0000,3088.0000,3773.4662,1123.7274,0.9342
3688.0000,3138.0000,3736.1836,1173.3546,0.9135
3688.0000,3162.0000,3736.5413,1197.4114,0.9594
3738.0000,3175.0000,3786.7431,1210.5110,0.8813
3650.0000,3200.0000,3698.8609,1235.4620,0.9114
3788.0000,3212.0000,3837.1373,1247.4060,0.8894
3425.0000,3238.0000,3474.0816,1274.1282,0.9127
3125.0000,3250.0000,3173.7416,1286.9129,0.9014
3762.0000,3250.0000,3810.8420,1284.7848,0.9197
3425.0000,3275.0000,3475.6416,1312.3716,0.9247
3088.0000,3288.0000,3138.6183,1326.4605,0.9274
3212.0000,3300.0000,3262.4666,1337.9957,0.8995
3275.0000,3312.0000,3326.3705,1350.1622,0.9322
3062.0000,3325.0000,3112.6571,1363.4686,0.9230
3738.0000,3325.0000,3788.4983,1360.9846,0.9631
3238.0000,3350.0000,3289.5240,1388.2734,0.9493
3025.0000,3362.0000,3075.9223,1400.1246,0.9045
3575.0000,3375.0000,3624.7397,1410.2554,0.8976
3212.0000,3388.0000,3263.0392,1425.6653,0.9231
3725.0000,3388.0000,3775.8208,1423.9702,0.9336
3400.0000,3400.0000,3450.6968,1436.4442,0.9324
3775.0000,3412.0000,3826.9687,1448.5407,0.8636
3438.0000,3425.0000,3488.7738,1461.4232,0.9148
3125.0000,3438.0000,3174.5853,1474.3183,0.6970
3688.0000,3438.0000,3739.1187,1473.8013,0.8842
3462.0000,3462.0000,3513.4687,1498.9043,0.8871
3400.0000,3475.0000,3450.6917,1511.1996,0.8687
3312.0000,3500.0000,3361.8115,1535.5294,0.9404
3775.0000,3500.0000,3827.6672,1536.3856,0.7707
3288.0000,3538.0000,3337.1655,1572.6871,0.9235
3475.0000,3550.0000,3527.9485,1587.2607,0.9418
3275.0000,3588.0000,3324.5327,1622.7084,0.7694
3325.0000,3612.0000,3376.4370,1648.1446,0.8559
3400.0000,3638.0000,3453.0049,1675.2560,0.8459
3312.0000,3662.0000,3364.5569,1698.5900,0.9147
3175.0000,3700.0000,3226.1712,1735.8444,0.7920
3300.0000,3725.0000,3354.4192,1763.3593,0.6695
3188.0000,3762.0000,3242.7050,1800.6792,0.7275
1362.0000,4788.0000,1414.4629,2826.6884,0.9390
1212.0000,4838.0000,1265.2967,2878.6942,0.8712
2212.0000,3950.0000,2263.2448,1987.7077,0.8609
2000.0000,4038.0000,2051.1464,2076.1534,0.9564
2188.0000,4075.0000,2238.8412,2111.3500,0.8157
2362.0000,4112.0000,2413.1135,2147.5745,0.8768
2488.0000,4188.0000,2538.8461,2222.3687,0.8483
2562.0000,4250.0000,2614.5515,2284.9109,0.9577
2512.0000,4338.0000,2562.6185,2370.8543,0.7744
2375.0000,4375.0000,2425.4029,2407.4899,0.8301
2262.0000,4400.0000,2313.5040,2434.2717,0.8892
2225.0000,4412.0000,2276.5585,2446.4460,0.9299
1925.0000,4438.0000,1976.6015,2473.8417,0.9024
2175.0000,4450.0000,2226.5385,2484.3213,0.9164
1825.0000,4475.0000,1876.8538,2511.2505,0.9594
1962.0000,4488.0000,2013.7724,2523.1105,0.9015
1788.0000,4500.0000,1839.8288,2536.4243,0.9551
2200.0000,4512.0000,2253.9103,2547.7687,0.9436
2162.0000,4525.0000,2215.5468,2560.7695,0.9033
1738.0000,4550.0000,1790.2004,2587.1907,0.9439
1825.0000,4562.0000,1877.4726,2598.8339,0.7701
2375.0000,4562.0000,2430.3637,2597.7526,0.6392
1900.0000,4588.0000,1952.5716,2623.5195,0.8808
1712.0000,4600.0000,1764.6351,2637.3342,0.8944
2175.0000,4600.0000,2230.9156,2636.3413,0.8416
1738.0000,4612.0000,1791.1680,2649.2275,0.9071
1875.0000,4625.0000,1928.6926,2661.5252,0.9254
1775.0000,4638.0000,1828.6942,2675.1604,0.9424
1588.0000,4650.0000,1639.5743,2687.2235,0.9562
1825.0000,4662.0000,1878.9667,2699.0915,0.9341
1925.0000,4675.0000,1980.6253,2713.5531,0.8733
1888.0000,4688.0000,1943.5986,2726.4760,0.8592
1862.0000,4712.0000,1917.9297,2750.4941,0.9418
1750.0000,4725.0000,1804.0681,2762.6596,0.9566
1600.0000,4750.0000,1653.9132,2787.7834,0.8710
1488.0000,4762.0000,1540.9401,2800.6323,0.9420
1962.0000,4762.0000,2020.2918,2801.8114,0.9286
1825.0000,4788.0000,1881.2883,2826.8065,0.9354
1700.0000,4800.0000,1755.6051,2838.7707,0.9077
1562.0000,4825.0000,1617.1293,2864.2033,0.9013
1450.0000,4838.0000,1504.6973,2877.7899,0.9396
1950.0000,4838.0000,2008.8704,2878.1037,0.9349
1800.0000,4862.0000,1858.1226,2902.2802,0.9217
1788.0000,4875.0000,1846.4258,2915.4516,0.8993
1762.0000,4900.0000,1820.6217,2940.6011,0.9094
1788.0000,4912.0000,1846.9173,2952.5123,0.9383
2012.0000,4938.0000,2071.1512,2977.0454,0.8920
1975.0000,4950.0000,2034.2826,2989.0458,0.8956
1862.0000,4975.0000,1921.4122,3014.3592,0.8522
1862.0000,4988.0000,1921.2926,3027.2599,0.8764
1400.0000,5000.0000,1456.8196,3041.3363,0.7185
1812.0000,5025.0000,1870.8353,3064.1772,0.9190
1888.0000,5062.0000,1947.2827,3100.7114,0.9402
1775.0000,5112.0000,1834.2239,3151.1122,0.9182
1475.0000,5150.0000,1534.3232,3191.6027,0.7454
1788.0000,5175.0000,1847.3052,3213.8312,0.9391
1625.0000,5212.0000,1683.6118,3250.8628,0.8346
1712.0000,5238.0000,1770.6998,3276.6216,0.9173
1825.0000,5250.0000,1884.2292,3288.0076,0.9125
1450.0000,5288.0000,1508.5692,3327.3579,0.6427
1975.0000,5288.0000,2034.3245,3324.6178,0.9060
1975.0000,5312.0000,2033.3423,3347.2233,0.8535
1900.0000,5325.0000,1958.8114,3360.7159,0.8622
1700.0000,5350.0000,1758.2306,3386.2613,0.9123
2175.0000,5350.0000,2232.8553,3383.2749,0.9236
1788.0000,5362.0000,1845.2155,3396.7952,0.8382
2400.0000,5375.0000,2456.6393,3405.0580,0.8891
1888.0000,5388.0000,1944.5805,3421.6177,0.9357
2562.0000,5388.0000,2618.4830,3417.3622,0.8515
2038.0000,5400.0000,2095.3519,3433.0212,0.9534
1700.0000,5425.0000,1757.3892,3460.2974,0.8487
2438.0000,5425.0000,2492.7633,3453.2175,0.8695
1862.0000,5438.0000,1919.0093,3471.7808,0.9089
1625.0000,5462.0000,1683.6808,3498.1737,0.7862
2400.0000,5462.0000,2453.1510,3488.1565,0.8373
2512.0000,5475.0000,2565.3039,3500.8622,0.9332
1662.0000,5500.0000,1720.1267,3535.8021,0.8671
1662.0000,5512.0000,1720.0191,3547.5394,0.8711
2438.0000,5525.0000,2491.3244,3550.6491,0.8856
2338.0000,5538.0000,2391.5870,3564.2099,0.9375
2150.0000,5562.0000,2205.1518,3589.6436,0.7482
1662.0000,5575.0000,1719.5521,3609.2409,0.6488
1662.0000,5588.0000,1718.1034,3621.4225,0.9932
2075.0000,5600.0000,2130.7149,3629.2387,0.8303
1738.0000,5612.0000,1794.6844,3644.9371,0.9029
2338.0000,5612.0000,2392.7688,3638.8142,0.9083
1888.0000,5638.0000,1945.2684,3669.6266,0.8602
2400.0000,5638.0000,2455.4045,3663.8244,0.8412
1962.0000,5650.0000,2018.5904,3680.5157,0.8521
2362.0000,5662.0000,2416.8757,3687.9558,0.8072
2250.0000,5675.0000,2304.5764,3701.5766,0.8372
1938.0000,5688.0000,1994.7217,3718.4144,0.8465
2112.0000,5700.0000,2169.6854,3727.5715,0.4548
2275.0000,5712.0000,2329.7225,3737.9138,0.8345
2212.0000,5725.0000,2266.9307,3751.6571,0.8361
2038.0000,5750.0000,2094.8599,3779.0423,0.7993
1750.0000,5762.0000,1808.9314,3795.9064,0.9135
1788.0000,5775.0000,1847.1356,3808.2971,0.8284
1712.0000,5800.0000,1770.5969,3832.9727,0.6278
2150.0000,5812.0000,2206.4816,3838.7039,0.6461
1925.0000,5838.0000,1984.4422,3869.4045,0.7851
2550.0000,5850.0000,2603.3916,3872.7245,0.9290
1775.0000,5875.0000,1835.1406,3908.8242,0.9032
2262.0000,5888.0000,2318.9992,3914.1793,0.7746
2312.0000,5900.0000,2368.3937,3924.8089,0.8451
2012.0000,5938.0000,2072.0664,3969.0056,0.8530
2162.0000,5988.0000,2220.9355,4017.1211,0.7168
2362.0000,6050.0000,2421.9004,4075.5396,0.9384
2538.0000,6088.0000,2594.0550,4111.2857,0.8927
2312.0000,6125.0000,2370.3861,4151.2397,0.9029
2375.0000,6150.0000,2434.1998,4175.7063,0.6880
2500.0000,6162.0000,2556.9857,4185.9732,0.9320
2975.0000,5525.0000,3027.6959,3548.4151,0.4622
2788.0000,5600.0000,2841.1219,3623.3583,0.9493
2888.0000,5638.0000,2942.2134,3661.3244,0.8603
3012.0000,5675.0000,3065.8114,3697.6562,0.9170
3412.0000,5700.0000,3465.3301,3721.0393,0.8119
3150.0000,5738.0000,3202.6164,3758.5227,0.9253
3225.0000,5762.0000,3277.3403,3781.5372,0.8703
3312.0000,5775.0000,3363.7979,3793.8859,0.9137
3712.0000,5788.0000,3765.4256,3807.4047,0.8445
3412.0000,5812.0000,3462.9542,3829.6837,0.9014
3425.0000,5838.0000,3475.6110,3855.0942,0.8435
2975.0000,5850.0000,3026.8359,3869.1792,0.9752
2750.0000,5862.0000,2802.6810,3882.7674,0.9555
2938.0000,5888.0000,2990.0068,3907.6670,0.9602
2862.0000,5900.0000,2915.7695,3919.5520,0.6861
2712.0000,5925.0000,2777.1083,3953.4973,0.6760
2675.0000,5938.0000,2731.5567,3968.2142,0.8390
3712.0000,5950.0000,3762.8157,3965.5607,0.9343
3488.0000,5962.0000,3538.9859,3978.1657,0.9568
3688.0000,5975.0000,3738.7539,3990.4373,0.9088
3788.0000,5988.0000,3839.9887,4003.5990,0.9347
3125.0000,6000.0000,3178.8651,4019.4838,0.8437
3012.0000,6012.0000,3066.5462,4032.8306,0.8942
2712.0000,6038.0000,2768.1244,4060.2081,0.8420
2600.0000,6050.0000,2656.3727,4073.4262,0.8930
2925.0000,6062.0000,2979.8035,4082.7513,0.9457
2925.0000,6075.0000,2980.1017,4096.2712,0.9537
2838.0000,6088.0000,2893.5141,4109.7279,0.9306
2688.0000,6112.0000,2743.7435,4134.4146,0.9357
3200.0000,6112.0000,3254.8660,4130.9924,0.8092
3050.0000,6125.0000,3106.6503,4145.9338,0.8176
2900.0000,6150.0000,2956.3064,4171.7059,0.9478
2712.0000,6162.0000,2768.0981,4184.1838,0.9272
3088.0000,6175.0000,3145.7555,4195.6970,0.7578
3650.0000,6175.0000,3700.2063,4187.8434,0.7943
2912.0000,6188.0000,2968.9881,4209.1894,0.9148
3488.0000,6188.0000,3541.3709,4204.8525,0.8397
3862.0000,5838.0000,3915.1557,3855.9077,0.8520
3862.0000,5875.0000,3914.3327,3891.7555,0.8672
4012.0000,5888.0000,4063.6485,3903.7980,0.8812
4050.0000,5912.0000,4103.7167,3929.5243,0.8209
4162.0000,5925.0000,4217.3844,3942.2925,0.9668
4212.0000,5950.0000,4266.8429,3967.1700,0.9559
3825.0000,5975.0000,3876.4254,3990.6825,0.9532
4438.0000,5988.0000,4490.8768,4002.3698,0.6033
4550.0000,6000.0000,4604.7170,4016.0739,0.7634
3800.0000,6038.0000,3851.7415,4052.9223,0.9589
3875.0000,6062.0000,3926.6390,4076.9466,0.9697
4512.0000,6062.0000,4563.3136,4074.8887,0.8581
3900.0000,6088.0000,3952.0152,4102.6803,0.8889
3938.0000,6100.0000,3989.8854,4113.8823,0.8948
4400.0000,6100.0000,4453.6538,4114.6668,0.8658
4025.0000,6125.0000,4076.4366,4138.6666,0.9492
4175.0000,6138.0000,4228.7651,4153.7240,0.8958
4288.0000,6150.0000,4342.9812,4166.1543,0.9351
4050.0000,6175.0000,4102.1448,4189.0378,0.9552
4538.0000,6175.0000,4592.3291,4189.0972,0.8704
4512.0000,6188.0000,4565.9854,4201.8726,0.8915
2475.0000,6212.0000,2533.1879,4236.5574,0.8806
2288.0000,6250.0000,2346.6915,4275.7796,0.8588
2338.0000,6288.0000,2397.3268,4312.3788,0.8111
2438.0000,6350.0000,2493.7084,4371.0693,0.8063
2038.0000,6650.0000,2098.6813,4674.9229,0.7661
1925.0000,6850.0000,1989.6488,4878.5479,0.7673
2900.0000,6200.0000,2956.6098,4221.1478,0.8891
3525.0000,6200.0000,3579.2106,4217.3594,0.9034
2975.0000,6212.0000,3031.6078,4233.1674,0.9139
3412.0000,6225.0000,3465.4536,4241.8703,0.9396
2775.0000,6238.0000,2831.7174,4259.7151,0.9062
3300.0000,6238.0000,3354.3659,4255.5058,0.9288
2700.0000,6250.0000,2756.8185,4271.8853,0.9281
3212.0000,6262.0000,3266.2996,4279.7038,0.8966
3700.0000,6262.0000,3753.5469,4276.7882,0.6715
2975.0000,6275.0000,3031.6964,4295.2151,0.7650
2838.0000,6288.0000,2894.2176,4308.8444,0.9548
3088.0000,6300.0000,3143.3595,4318.4489,0.8501
3650.0000,6300.0000,3703.5738,4315.3091,0.8001
3050.0000,6312.0000,3107.2927,4330.7505,0.7904
2812.0000,6325.0000,2868.0219,4345.4861,0.9631
3075.0000,6338.0000,3129.8812,4355.6876,0.8926
3525.0000,6338.0000,3580.3619,4355.2485,0.9219
2962.0000,6350.0000,3016.4371,4368.0701,0.8516
3438.0000,6350.0000,3493.0158,4367.2518,0.9181
2725.0000,6375.0000,2779.2825,4393.6235,0.8611
3200.0000,6375.0000,3254.0735,4392.0000,0.9798
3650.0000,6375.0000,3705.2755,4391.1136,0.9390
3075.0000,6388.0000,3129.3963,4404.9885,0.9256
3588.0000,6388.0000,3642.6460,4404.3152,0.8592
2800.0000,6412.0000,2855.1389,4430.4839,0.9297
3262.0000,6412.0000,3318.7073,4428.1588,0.8882
3725.0000,6412.0000,3780.2135,4427.9467,0.9398
3000.0000,6425.0000,3055.5589,4441.5150,0.8635
3512.0000,6425.0000,3566.5984,4440.9488,0.9317
2738.0000,6450.0000,2792.8495,4468.3995,0.9194
3212.0000,6450.0000,3265.2285,4464.8980,0.8592
3688.0000,6450.0000,3743.4360,4466.1291,0.9302
2950.0000,6462.0000,3003.8275,4478.1480,0.9266
3750.0000,6462.0000,3805.1120,4477.3341,0.8760
3325.0000,6488.0000,3377.3418,4501.8947,0.8927
2600.0000,6500.0000,2654.3828,4518.1106,0.9230
3450.0000,6512.0000,3503.0697,4526.1701,0.8832
3662.0000,6525.0000,3716.8621,4540.2037,0.9332
3625.0000,6562.0000,3678.7181,4575.7842,0.8775
3738.0000,6588.0000,3792.2348,4601.7891,0.9432
3775.0000,6600.0000,3829.5362,4613.8473,0.8954
3250.0000,6638.0000,3302.6891,4651.1564,0.8881
3625.0000,6662.0000,3677.1878,4673.7524,0.9644
3775.0000,6675.0000,3829.2904,4688.1117,0.9069
3450.0000,6712.0000,3503.9142,4725.0814,0.9618
3400.0000,6738.0000,3453.7302,4750.6995,0.9132
3375.0000,6750.0000,3429.1352,4763.3848,0.9316
3250.0000,6775.0000,3304.2248,4788.6214,0.8892
3738.0000,6775.0000,3792.5494,4787.6725,0.8734
3362.0000,6788.0000,3416.6620,4801.5632,0.8699
2925.0000,6800.0000,2979.9222,4815.3045,0.9557
3312.0000,6812.0000,3367.4245,4826.1885,0.8672
2675.0000,6825.0000,2732.7536,4842.8743,0.8793
3262.0000,6825.0000,3318.9111,4840.2780,0.8587
3712.0000,6825.0000,3766.9255,4837.4714,0.7880
3000.0000,6838.0000,3056.8251,4854.4587,0.7899
3388.0000,6850.0000,3445.0925,4865.2948,0.9054
2738.0000,6862.0000,2796.9589,4880.8060,0.8336
3225.0000,6862.0000,3283.1454,4878.6727,0.9213
3788.0000,6862.0000,3843.6902,4874.7314,0.9158
3050.0000,6875.0000,3109.2118,4893.0924,0.9316
3688.0000,6888.0000,3742.7436,4899.8253,0.9472
2938.0000,6900.0000,2996.9122,4918.1362,0.9357
3712.0000,6900.0000,3767.2622,4912.4543,0.8763
2962.0000,6912.0000,3021.2128,4930.2836,0.9375
3788.0000,6925.0000,3845.4163,4937.8209,0.8873
3562.0000,6938.0000,3620.9423,4952.8931,0.8434
3038.0000,6950.0000,3097.7351,4967.9654,0.9261
3612.0000,6975.0000,3669.9970,4989.6067,0.8070
3788.0000,7038.0000,3844.9710,5050.4812,0.9031
3750.0000,7088.0000,3807.3723,5100.6229,0.9134
3588.0000,7238.0000,3645.1222,5249.8207,0.8876
3788.0000,7262.0000,3845.7029,5273.4396,0.8487
3538.0000,7312.0000,3596.2019,5324.1003,0.8461
3975.0000,6212.0000,4026.8140,4225.2413,0.9338
3912.0000,6225.0000,3963.7231,4238.1481,0.9124
4450.0000,6225.0000,4503.2419,4238.3467,0.9203
4262.0000,6250.0000,4314.7077,4263.1144,0.9246
4075.0000,6262.0000,4126.9727,4274.8953,0.9381
4088.0000,6275.0000,4140.0287,4287.8337,0.9379
4388.0000,6288.0000,4439.5525,4299.0162,0.8896
4038.0000,6300.0000,4090.1447,4312.9946,0.9395
4575.0000,6300.0000,4626.9245,4310.8747,0.9080
4088.0000,6325.0000,4140.3639,4337.9089,0.9266
4712.0000,6325.0000,4763.6802,4334.2158,0.8451
4125.0000,6338.0000,4177.8367,4350.4817,0.8747
4825.0000,6338.0000,4877.0325,4347.1225,0.9130
4612.0000,6362.0000,4663.8577,4371.8987,0.8491
4538.0000,6375.0000,4588.8433,4384.4451,0.9181
4488.0000,6400.0000,4535.9958,4406.8608,0.8830
3812.0000,6412.0000,3866.8571,4427.2344,0.9185
4875.0000,6425.0000,4927.4396,4433.9121,0.9413
4875.0000,6438.0000,4927.2452,4446.6616,0.9024
4675.0000,6462.0000,4725.8107,4470.1668,0.9371
4900.0000,6475.0000,4950.9518,4482.1256,0.8491
4600.0000,6512.0000,4648.4819,4517.9615,0.9267
4712.0000,6538.0000,4762.3081,4544.8216,0.9213
4862.0000,6550.0000,4912.1425,4555.4072,0.9291
4762.0000,6575.0000,4812.2487,4580.8799,0.8171
4650.0000,6588.0000,4700.2417,4594.5436,0.9583
4600.0000,6600.0000,4650.5703,4606.6114,0.9153
4888.0000,6612.0000,4936.3136,4615.6358,0.8542
4350.0000,6625.0000,4400.0935,4632.2013,0.7946
3900.0000,6638.0000,3955.5756,4651.8079,0.9014
3825.0000,6662.0000,3879.9713,4675.8254,0.9291
4750.0000,6662.0000,4798.1659,4666.3854,0.8848
4038.0000,6688.0000,4094.5985,4702.2036,0.9433
4000.0000,6700.0000,4056.0956,4714.0405,0.9600
3825.0000,6712.0000,3880.1800,4725.1012,0.9357
4800.0000,6725.0000,4851.3493,4729.2503,0.8475
4062.0000,6738.0000,4118.7203,4752.1725,0.9145
4988.0000,6738.0000,5037.8464,4741.3320,0.9272
4712.0000,6762.0000,4763.1532,4767.5340,0.8612
4012.0000,6775.0000,4068.8180,4789.1042,0.9275
3812.0000,6788.0000,3867.1438,4800.9058,0.9213
4725.0000,6800.0000,4777.0172,4806.1123,0.8850
4538.0000,6812.0000,4590.8272,4819.7170,0.8868
3825.0000,6825.0000,3880.4805,4837.9813,0.9325
4750.0000,6838.0000,4802.3161,4844.2297,0.9008
4325.0000,6850.0000,4378.7753,4859.2888,0.8457
4900.0000,6850.0000,4952.7361,4855.8866,0.8336
4350.0000,6862.0000,4403.7218,4871.0587,0.8051
4800.0000,6875.0000,4853.2138,4881.5093,0.8597
4238.0000,6888.0000,4292.5788,4897.9163,0.9045
4725.0000,6888.0000,4777.6307,4894.5300,0.8641
4050.0000,6900.0000,4106.7009,4912.2030,0.8335
4600.0000,6912.0000,4653.0219,4918.6888,0.9382
4025.0000,6925.0000,4081.6088,4937.2017,0.8707
4600.0000,6925.0000,4653.2270,4931.8606,0.9471
4000.0000,6938.0000,4056.3930,4950.2557,0.8497
4525.0000,6950.0000,4578.5134,4957.4653,0.9176
3975.0000,6962.0000,4031.0866,4973.4731,0.8959
4525.0000,6962.0000,4578.7020,4969.5012,0.9021
4088.0000,6975.0000,4143.1262,4985.4348,0.8125
4688.0000,6988.0000,4742.5551,4995.5007,0.8848
4225.0000,7000.0000,4278.1662,5007.7325,0.9299
3838.0000,7012.0000,3894.3863,5023.7848,0.8502
4500.0000,7025.0000,4553.3381,5032.0059,0.9330
4012.0000,7038.0000,4066.3775,5047.3782,0.7792
4525.0000,7038.0000,4578.2737,5044.7327,0.9111
3825.0000,7050.0000,3882.4365,5062.3358,0.7315
4488.0000,7062.0000,4540.8680,5068.2581,0.8908
3988.0000,7075.0000,4042.9248,5084.5503,0.8338
4562.0000,7075.0000,4614.9640,5081.1496,0.9085
4238.0000,7100.0000,4291.0868,5106.7864,0.9300
4725.0000,7100.0000,4779.1931,5106.3997,0.9575
4300.0000,7112.0000,4353.0704,5118.8136,0.9176
4750.0000,7112.0000,4804.6604,5118.4049,0.9192
4350.0000,7138.0000,4403.3192,5144.5023,0.9361
3825.0000,7150.0000,3882.0651,5161.2244,0.6638
4462.0000,7150.0000,4515.4062,5156.1500,0.8954
3850.0000,7162.0000,3905.8165,5172.3202,0.8696
4462.0000,7175.0000,4515.8274,5181.3899,0.8523
3900.0000,7188.0000,3956.3386,5198.1930,0.7764
4462.0000,7188.0000,4515.9760,5194.4923,0.8760
4938.0000,7188.0000,4992.6010,5192.6655,0.8616
4238.0000,7212.0000,4293.7395,5220.2694,0.8619
4750.0000,7212.0000,4803.9641,5217.0789,0.9294
4088.0000,7225.0000,4145.0137,5234.8444,0.9196
4712.0000,7225.0000,4765.8231,5229.8988,0.9334
4212.0000,7238.0000,4268.7894,5247.3921,0.7665
4725.0000,7250.0000,4779.0996,5254.8055,0.9353
4412.0000,7262.0000,4467.7845,5269.4441,0.8919
4088.0000,7275.0000,4145.1155,5284.2926,0.8268
4538.0000,7288.0000,4593.0235,5294.0841,0.9437
4175.0000,7300.0000,4231.2800,5308.4588,0.8295
4688.0000,7300.0000,4742.2443,5304.6011,0.8605
4275.0000,7325.0000,4330.5929,5332.1762,0.7300
4862.0000,7325.0000,4916.1124,5327.7952,0.8510
4250.0000,7338.0000,4305.6365,5345.0989,0.8007
4975.0000,7338.0000,5027.9945,5339.4087,0.6825
4312.0000,7362.0000,4367.3689,5368.6819,0.7714
4788.0000,7362.0000,4841.6423,5365.6413,0.9148
4300.0000,7375.0000,4355.3355,5381.4548,0.8992
3938.0000,7388.0000,3995.9069,5397.9121,0.8936
5050.0000,6475.0000,5101.8595,4482.1140,0.9357
5162.0000,6512.0000,5213.7837,4517.8542,0.9380
5025.0000,6550.0000,5075.3288,4555.0920,0.8942
5238.0000,6575.0000,5289.8386,4579.7118,0.9380
5388.0000,6588.0000,5441.4248,4593.1805,0.7926
5350.0000,6612.0000,5402.4198,4616.2780,0.9241
5325.0000,6638.0000,5376.6358,4641.8009,0.9412
5425.0000,6650.0000,5477.7858,4653.7915,0.9487
5200.0000,6675.0000,5250.2389,4677.9116,0.9253
5312.0000,6688.0000,5364.3113,4691.4105,0.9330
5350.0000,6700.0000,5402.9515,4703.3134,0.9569
5138.0000,6725.0000,5188.2307,4727.6790,0.9205
5262.0000,6738.0000,5313.0495,4740.4600,0.9450
5262.0000,6762.0000,5313.5652,4764.7463,0.9037
5350.0000,6775.0000,5402.3800,4778.2550,0.9336
5375.0000,6800.0000,5427.5778,4802.9299,0.8849
5400.0000,6812.0000,5452.4153,4814.4624,0.8929
5388.0000,6838.0000,5440.2773,4839.8761,0.8411
5012.0000,6875.0000,5066.0573,4880.7122,0.8719
5212.0000,6912.0000,5266.7200,4917.4061,0.9192
5350.0000,7138.0000,5403.8451,5139.8942,0.9284
5012.0000,7188.0000,5067.1107,5192.3280,0.7967
5200.0000,7250.0000,5252.5348,5250.7540,0.8653
4938.0000,7400.0000,4991.8361,5401.1549,0.7652
4575.0000,7412.0000,4629.2068,5416.0341,0.9184
4550.0000,7425.0000,4604.5414,5429.2366,0.7092
4912.0000,7438.0000,4964.9716,5439.1086,0.8845
4675.0000,7450.0000,4728.5689,5452.2233,0.7694
4862.0000,7475.0000,4914.9211,5476.0669,0.8515
4775.0000,7512.0000,4828.0528,5513.3404,0.8727
4600.0000,7550.0000,4653.6741,5552.4855,0.6667
4625.0000,7562.0000,4678.3364,5563.7515,0.6496
4375.0000,8212.0000,4427.9405,6209.0536,0.9194
4162.0000,8375.0000,4218.5539,6375.1275,0.7333
4450.0000,8475.0000,4504.0725,6471.3551,0.7447
4412.0000,8512.0000,4467.4415,6508.5926,0.8740
4262.0000,8562.0000,4316.8912,6558.2709,0.8611
5900.0000,7412.0000,5949.1881,5402.5457,0.8140
5825.0000,7450.0000,5872.1424,5438.9520,0.9424
5800.0000,7488.0000,5846.7736,5476.7428,0.9224
5900.0000,7500.0000,5947.6251,5488.0782,0.8968
5975.0000,7538.0000,6022.6604,5524.9755,0.8536
6062.0000,7575.0000,6109.7772,5561.1716,0.8959
5938.0000,7712.0000,5984.8898,5697.3045,0.8788
6201.0000,7712.0000,6249.1993,5695.6151,0.9026
4400.0000,8725.0000,4457.0160,6721.8012,0.9267
5438.0000,8725.0000,5485.8515,6708.3465,0.8837
5062.0000,8812.0000,5110.7297,6797.5937,0.7736
5112.0000,8925.0000,5161.5231,6910.5886,0.8734
6125.0000,8975.0000,6173.2547,6950.1423,0.8822
6100.0000,9012.0000,6149.0027,6987.8871,0.9461
5050.0000,9038.0000,5103.2051,7025.4543,0.8741
6088.0000,9050.0000,6136.2904,7025.5135,0.9267
5012.0000,9075.0000,5065.6242,7062.6077,0.8081
5450.0000,9100.0000,5501.9111,7083.4772,0.9261
5562.0000,9112.0000,5614.1475,7095.3044,0.6567
5000.0000,9150.0000,5054.2488,7138.6404,0.7866
5238.0000,9162.0000,5292.3284,7149.2405,0.8090
5012.0000,9188.0000,5066.9310,7176.7712,0.8028
5712.0000,9225.0000,5763.9716,7205.6944,0.6319
2862.0000,17575.0000,2937.2615,15519.8892,0.8907
2975.0000,17600.0000,3050.0479,15544.2413,0.9060
2862.0000,17612.0000,2936.8382,15556.2283,0.9018
2800.0000,17638.0000,2874.5044,15581.8389,0.8906
2638.0000,17650.0000,2712.9503,15594.2754,0.8745
3088.0000,17662.0000,3160.8186,15602.8624,0.8734
2750.0000,17675.0000,2824.1517,15617.9864,0.8212
3200.0000,17675.0000,3272.5534,15615.4194,0.9070
2675.0000,17688.0000,2749.0937,15630.8531,0.8287
3075.0000,17700.0000,3147.3137,15640.1640,0.7873
3538.0000,17700.0000,3608.7103,15637.7428,0.8876
2925.0000,17712.0000,2997.6019,15652.6448,0.8647
3388.0000,17712.0000,3458.5436,15649.6594,0.8516
2675.0000,17738.0000,2748.4737,15679.5798,0.8224
3162.0000,17738.0000,3232.9254,15675.4726,0.8459
3638.0000,17738.0000,3707.6199,15674.7031,0.9244
2938.0000,17750.0000,3009.3904,15689.0525,0.8502
3238.0000,17762.0000,3307.8076,15698.0602,0.8038
2688.0000,17775.0000,2761.3442,15716.1235,0.8336
3225.0000,17775.0000,3294.1034,15710.5082,0.8061
3675.0000,17775.0000,3744.3689,15711.3965,0.8681
3125.0000,17788.0000,3194.4163,15723.8125,0.8370
3525.0000,17800.0000,3593.2749,15734.7388,0.9435
2900.0000,17812.0000,2970.7692,15749.3234,0.8436
3712.0000,17812.0000,3781.3771,15747.8995,0.9382
3388.0000,17838.0000,3455.5404,15771.8137,0.9375
2788.0000,17850.0000,2860.1635,15788.3844,0.6446
3712.0000,17850.0000,3781.3862,15785.3979,0.9515
3300.0000,17875.0000,3368.4562,15809.4084,0.8851
2625.0000,17888.0000,2699.1385,15829.2210,0.8598
3488.0000,17888.0000,3556.9767,15822.7466,0.9318
2725.0000,17900.0000,2798.0522,15840.0914,0.8970
3262.0000,17912.0000,3331.1977,15846.7536,0.9028
2675.0000,17925.0000,2749.2205,15866.0315,0.9186
3262.0000,17925.0000,3331.4892,15860.0732,0.9045
3725.0000,17925.0000,3794.7523,15860.0185,0.9259
3112.0000,17950.0000,3183.3901,15886.3070,0.7853
3638.0000,17950.0000,3708.0426,15885.1590,0.9299
3150.0000,17962.0000,3221.4258,15898.6015,0.8155
3600.0000,17962.0000,3670.2332,15897.2974,0.9190
3125.0000,17975.0000,3197.2779,15912.3739,0.8489
3538.0000,17988.0000,3608.7110,15923.5162,0.9095
2975.0000,18000.0000,3047.8444,15938.5817,0.8993
3450.0000,18000.0000,3521.5770,15936.0376,0.9307
2688.0000,18012.0000,2764.1749,15954.3051,0.8716
3212.0000,18012.0000,3284.3953,15949.3057,0.8959
3538.0000,18025.0000,3608.6689,15960.3378,0.8705
2988.0000,18038.0000,3061.5269,15976.7284,0.9328
3462.0000,18038.0000,3532.8892,15973.0952,0.8994
2725.0000,18050.0000,2801.6374,15992.2591,0.8781
3200.0000,18050.0000,3273.1937,15987.5657,0.8612
3525.0000,18062.0000,3594.9607,15996.3519,0.9078
3050.0000,18075.0000,3122.7545,16012.6727,0.8673
3575.0000,18075.0000,3645.0168,16009.2913,0.8974
3125.0000,18088.0000,3198.0714,16025.3873,0.9173
3575.0000,18100.0000,3645.0975,16034.2088,0.9317
3125.0000,18112.0000,3198.3867,16049.3638,0.9207
3600.0000,18112.0000,3670.6223,16046.0431,0.9161
3062.0000,18125.0000,3136.4755,16063.1196,0.6555
3525.0000,18138.0000,3596.2576,16072.3616,0.8657
3012.0000,18150.0000,3086.5420,16088.6585,0.8152
3488.0000,18150.0000,3560.1680,16084.9368,0.8382
3012.0000,18162.0000,3086.7237,16100.6907,0.8442
3462.0000,18175.0000,3534.3260,16110.4632,0.8339
2988.0000,18188.0000,3063.1195,16126.9061,0.8740
3462.0000,18188.0000,3534.5430,16123.5592,0.8988
3838.0000,17812.0000,3907.6339,15748.1915,0.9128
3900.0000,17912.0000,3969.2308,15846.7912,0.8773
1388.0000,18862.0000,1466.2309,16809.2266,0.8984
1475.0000,18788.0000,1554.0145,16735.4351,0.9071
2100.0000,18825.0000,2175.3834,16762.5806,0.7793
2250.0000,18838.0000,2324.5483,16773.4631,0.7272
2412.0000,18862.0000,2485.5321,16795.4832,0.8110
2438.0000,18900.0000,2510.8479,16832.4562,0.8500
2525.0000,18938.0000,2598.6196,16870.5728,0.8846
2488.0000,18988.0000,2561.6987,16920.3412,0.8950
2488.0000,19025.0000,2562.6091,16957.6759,0.9301
2512.0000,19050.0000,2587.1011,16983.1174,0.9342
1425.0000,19075.0000,1502.8592,17019.6982,0.8448
2175.0000,19088.0000,2248.8843,17021.1568,0.8506
1512.0000,19100.0000,1589.8840,17043.3774,0.8589
2212.0000,19100.0000,2286.8533,17033.7015,0.8326
1588.0000,19112.0000,1666.3672,17054.0872,0.8111
2175.0000,19125.0000,2250.9012,17059.9109,0.8704
1588.0000,19138.0000,1666.4547,17080.1157,0.8987
2062.0000,19138.0000,2138.5976,17074.3249,0.7874
1462.0000,19150.0000,1539.7523,17093.1077,0.8051
1925.0000,19162.0000,2002.3896,17100.1628,0.8570
2412.0000,19162.0000,2488.7655,17096.2600,0.9213
1875.0000,19175.0000,1952.4333,17113.3966,0.8027
2325.0000,19175.0000,2401.4291,17109.3748,0.8916
1662.0000,19188.0000,1739.1454,17127.8009,0.9098
2138.0000,19200.0000,2216.2764,17136.2367,0.7834
1500.0000,19212.0000,1577.4341,17153.2308,0.8360
1962.0000,19212.0000,2039.9906,17149.6709,0.8744
2412.0000,19212.0000,2488.3572,17145.4672,0.8893
1688.0000,19238.0000,1764.2237,17176.4377,0.8623
2362.0000,19238.0000,2438.5033,17171.2253,0.8917
1838.0000,19250.0000,1914.9711,17187.6321,0.8475
2300.0000,19250.0000,2376.5613,17183.3584,0.7466
1950.0000,19275.0000,2026.6875,17211.0407,0.7980
2400.0000,19275.0000,2476.0611,17207.3350,0.8954
2000.0000,19288.0000,2076.6366,17223.2702,0.7769
2400.0000,19300.0000,2475.3778,17231.4847,0.8684
2138.0000,19312.0000,2213.8876,17245.3278,0.8972
1775.0000,19325.0000,1851.5954,17260.5016,0.8463
2300.0000,19338.0000,2374.8407,17268.7602,0.7947
2025.0000,19350.0000,2100.4270,17283.0540,0.8375
2512.0000,19350.0000,2585.3120,17278.3217,0.8705
2438.0000,19375.0000,2511.4838,17303.1545,0.8856
3575.0000,18625.0000,3646.8920,16555.8566,0.7936
3375.0000,18675.0000,3449.1895,16607.1914,0.6204
3300.0000,18700.0000,3374.0478,16631.9094,0.6924
3150.0000,18712.0000,3223.7285,16644.7215,0.6872
3738.0000,18712.0000,3805.9511,16637.1993,0.8748
3412.0000,18738.0000,3482.3946,16666.0595,0.7986
3000.0000,18750.0000,3075.3589,16683.2832,0.7976
3450.0000,18750.0000,3519.6005,16677.3234,0.8024
3588.0000,18762.0000,3656.0272,16687.2228,0.8430
3488.0000,18775.0000,3557.0299,16701.3711,0.7839
2900.0000,18788.0000,2974.3818,16720.8027,0.8957
3388.0000,18788.0000,3458.1606,16715.1748,0.8738
3000.0000,18812.0000,3073.4014,16743.6652,0.8456
3700.0000,18812.0000,3766.8291,16735.8172,0.8566
3012.0000,18825.0000,3085.3939,16756.4221,0.7939
3488.0000,18825.0000,3556.8104,16750.5317,0.7617
3750.0000,18838.0000,3816.7115,16761.3189,0.8596
3450.0000,18850.0000,3519.6682,16776.4030,0.7912
2775.0000,18862.0000,2849.8055,16795.3810,0.9013
3250.0000,18862.0000,3322.3474,16791.3580,0.8695
2712.0000,18875.0000,2787.1343,16808.7600,0.9215
3550.0000,18875.0000,3618.7572,16800.7150,0.7943
3488.0000,18888.0000,3558.2585,16814.6780,0.8117
2738.0000,18900.0000,2813.4372,16833.7978,0.9117
3200.0000,18900.0000,3273.9206,16830.4477,0.8789
3788.0000,18900.0000,3855.9343,16824.3068,0.8899
3038.0000,18912.0000,3112.9862,16844.6379,0.8308
3412.0000,18925.0000,3483.7214,16853.1524,0.8731
2662.0000,18938.0000,2737.2103,16871.6050,0.9373
3125.0000,18938.0000,3200.2468,16869.7961,0.8687
3600.0000,18938.0000,3669.8464,16863.5953,0.8665
2925.0000,18950.0000,3001.0556,16883.2302,0.8874
3325.0000,18962.0000,3398.0646,16891.2121,0.8437
2600.0000,18975.0000,2674.9607,16908.3078,0.9041
3050.0000,18975.0000,3126.0146,16907.7116,0.9078
3562.0000,18975.0000,3632.7265,16900.8502,0.7422
2962.0000,18988.0000,3038.4488,16921.2513,0.8662
3350.0000,19000.0000,3423.6313,16929.2079,0.8200
2750.0000,19012.0000,2826.4627,16945.9499,0.8774
3238.0000,19012.0000,3312.7493,16942.5604,0.8009
2812.0000,19025.0000,2888.7865,16959.0252,0.9319
3288.0000,19038.0000,3362.7230,16968.0903,0.9178
2812.0000,19050.0000,2888.7536,16983.7473,0.9263
3438.0000,19050.0000,3511.3016,16977.8243,0.7750
3312.0000,19062.0000,3386.2791,16991.3408,0.8771
2662.0000,19088.0000,2737.6704,17020.3980,0.8782
3238.0000,19088.0000,3312.6675,17017.7341,0.8645
2888.0000,19100.0000,2965.7030,17033.9429,0.9495
3525.0000,19112.0000,3596.1972,17037.5410,0.6973
3075.0000,19125.0000,3151.8449,17056.5700,0.8357
2638.0000,19138.0000,2715.1392,17071.8790,0.8827
3525.0000,19138.0000,3595.9905,17063.1366,0.8258
2625.0000,19162.0000,2702.5196,17096.1304,0.8962
3150.0000,19162.0000,3224.5440,17091.2252,0.8226
2862.0000,19175.0000,2939.3611,17108.0595,0.9203
3312.0000,19188.0000,3384.3846,17114.2463,0.7567
2862.0000,19200.0000,2938.6919,17132.0162,0.7938
3375.0000,19212.0000,3446.1881,17136.5830,0.7171
3275.0000,19225.0000,3347.5695,17150.7451,0.6919
2938.0000,19238.0000,3013.4522,17167.5487,0.7902
2738.0000,19262.0000,2813.4275,17192.3783,0.9060
3200.0000,19262.0000,3272.6114,17187.8108,0.7575
2975.0000,19275.0000,3049.6067,17203.4692,0.8455
2812.0000,19300.0000,2886.8117,17229.0984,0.8790
2662.0000,19312.0000,2736.2872,17240.8704,0.8512
3125.0000,19312.0000,3199.0970,17238.8135,0.6685
2812.0000,19350.0000,2885.7796,17277.7027,0.8748
2362.0000,19400.0000,2435.2163,17328.3194,0.9300
2550.0000,19462.0000,2622.8697,17388.7834,0.9230
2588.0000,19525.0000,2660.7583,17450.8055,0.8712
2475.0000,19575.0000,2548.5187,17501.5842,0.8497
2512.0000,19612.0000,2585.8029,17538.3945,0.9079
2425.0000,19650.0000,2499.3251,17577.2429,0.9158
2512.0000,19675.0000,2586.9045,17602.1805,0.8886
2238.0000,19700.0000,2312.3752,17627.8016,0.8825
2312.0000,19725.0000,2387.3974,17652.9190,0.9643
2350.0000,19738.0000,2425.6562,17666.1499,0.9507
2200.0000,19762.0000,2274.8183,17690.2418,0.9086
1500.0000,19775.0000,1575.4851,17709.5159,0.7329
2212.0000,19775.0000,2287.2390,17703.4686,0.9125
1638.0000,19788.0000,1713.7614,17721.4367,0.8473
1988.0000,19800.0000,2063.8811,17730.1875,0.8598
2438.0000,19800.0000,2515.6632,17729.6230,0.9085
1725.0000,19812.0000,1801.2293,17745.0569,0.8254
2200.0000,19812.0000,2275.7286,17740.6899,0.9027
1462.0000,19825.0000,1537.4602,17760.3648,0.8704
1912.0000,19838.0000,1989.7604,17770.2838,0.8382
2362.0000,19838.0000,2439.3491,17767.5339,0.8896
1638.0000,19850.0000,1714.6941,17784.4324,0.8310
2100.0000,19850.0000,2176.2587,17779.6512,0.8672
2550.0000,19850.0000,2629.3601,17780.4696,0.8828
1850.0000,19875.0000,1928.5426,17808.5596,0.8249
2325.0000,19875.0000,2403.0568,17805.2196,0.7906
1712.0000,19888.0000,1790.0666,17822.5658,0.9399
2175.0000,19888.0000,2252.9395,17818.6207,0.7057
1725.0000,19900.0000,1803.2741,17834.6830,0.9234
1962.0000,19912.0000,2041.9911,17846.0112,0.8465
1650.0000,19925.0000,1727.5964,17859.6891,0.9189
2112.0000,19925.0000,2193.9200,17859.9136,0.8125
1600.0000,19950.0000,1678.0727,17884.7454,0.9256
1800.0000,19962.0000,1880.5449,17898.0551,0.7653
1425.0000,20000.0000,1503.2458,17937.3908,0.8107
1612.0000,20012.0000,1692.3437,17949.5341,0.7314
