tile_id,tile_row,tile_col,ohrc_valid_fraction,nac_valid_fraction,superpoint_keypoints_ohrc,superpoint_keypoints_nac,superglue_valid_matches,accepted_matches,core_matches,tile_runtime_sec,status
1,2360,1800,0.836057,0.844675,2048,2048,11,9,1,2.8246,ok
2,2360,3000,0.951463,0.385534,2048,1584,2,2,1,1.6434,ok
3,2360,4200,0.357844,0.000000,0,0,0,0,0,0.0000,skipped_low_nac_valid_fraction
4,3560,1800,0.901291,1.000000,2048,2048,15,15,0,2.2146,ok
5,3560,3000,1.000000,0.478524,2048,1817,0,0,0,0.9818,ok
6,3560,4200,0.367701,0.000000,0,0,0,0,0,0.0000,skipped_low_nac_valid_fraction
7,4760,1800,0.905348,1.000000,2048,2048,3,3,3,2.2121,ok
8,4760,3000,1.000000,0.515980,2048,1811,0,0,0,0.9556,ok
9,4760,4200,0.364028,0.000000,0,0,0,0,0,0.0000,skipped_low_nac_valid_fraction
10,5960,1800,0.909374,1.000000,2048,2048,0,0,0,1.1105,ok
11,5960,3000,1.000000,0.553535,2048,2048,0,0,0,0.9926,ok
12,5960,4200,0.360337,0.001788,0,0,0,0,0,0.0000,skipped_low_nac_valid_fraction
13,7160,1800,0.913342,1.000000,2048,2048,749,745,430,2.4993,ok
14,7160,3000,1.000000,0.591452,2048,2048,84,84,35,1.8210,ok
15,7160,4200,0.356711,0.021305,0,0,0,0,0,0.0000,skipped_low_nac_valid_fraction
16,8360,1800,0.917273,1.000000,2048,2048,19,19,5,2.2663,ok
17,8360,3000,1.000000,0.629088,2048,2048,0,0,0,1.0276,ok
18,8360,4200,0.353044,0.057660,0,0,0,0,0,0.0000,skipped_low_nac_valid_fraction
19,9560,1800,0.921338,1.000000,2048,2048,565,565,248,2.1438,ok
20,9560,3000,1.000000,0.666930,2048,2048,469,468,381,2.1094,ok
21,9560,4200,0.349337,0.095502,0,0,0,0,0,0.0000,skipped_low_nac_valid_fraction
22,10760,1800,0.925361,1.000000,2048,2048,810,807,436,2.4063,ok
23,10760,3000,1.000000,0.704770,2048,2048,480,479,336,2.0505,ok
24,10760,4200,0.345682,0.133342,2048,394,2,2,0,0.9892,ok
25,11960,1800,0.929366,1.000000,2048,2048,605,605,368,2.1077,ok
26,11960,3000,1.000000,0.742166,2048,2048,1,1,1,1.6557,ok
27,11960,4200,0.342065,0.170737,1481,590,0,0,0,0.5712,ok
28,13160,1800,0.933346,1.000000,2048,2048,283,283,212,2.0436,ok
29,13160,3000,1.000000,0.779553,2048,2048,3,3,3,2.1182,ok
30,13160,4200,0.338520,0.208124,2048,629,3,3,3,1.0426,ok
31,14360,1800,0.937378,1.000000,2048,2048,1,1,1,2.2283,ok
32,14360,3000,1.000000,0.816565,2048,2048,2,2,0,1.8965,ok
33,14360,4200,0.334923,0.245137,2048,712,24,24,3,1.0813,ok
34,15560,1800,0.941410,1.000000,2048,2048,9,9,9,2.2399,ok
35,15560,3000,1.000000,0.853437,2048,2048,0,0,0,1.1230,ok
36,15560,4200,0.331238,0.282009,1128,1015,164,164,139,1.1474,ok
37,16760,1800,0.945453,1.000000,2048,2048,78,78,66,2.3114,ok
38,16760,3000,1.000000,0.890951,2048,2048,27,27,12,2.2474,ok
39,16760,4200,0.327572,0.319522,773,1135,7,7,6,1.1380,ok
40,17960,1800,0.949473,1.000000,2048,2048,110,109,75,2.3135,ok
41,17960,3000,1.000000,0.928905,2048,2048,119,119,101,2.2156,ok
42,17960,4200,0.323879,0.357476,656,1583,2,1,1,1.1086,ok
43,19160,1800,0.953462,1.000000,2048,2048,57,57,17,2.3324,ok
44,19160,3000,1.000000,0.966424,2048,2048,364,364,173,2.1778,ok
45,19160,4200,0.320186,0.394995,821,2003,146,146,70,1.2777,ok
46,20360,1800,0.957516,1.000000,2048,2048,664,664,410,2.5160,ok
47,20360,3000,1.000000,0.993675,2048,2048,2,2,1,2.4371,ok
48,20360,4200,0.316500,0.432749,709,2048,2,2,2,1.2869,ok
49,21560,1800,0.961613,0.992186,2048,2048,480,480,322,2.4498,ok
50,21560,3000,1.000000,1.000000,2048,2048,470,470,228,2.4136,ok
51,21560,4200,0.312762,0.470648,681,2048,1,1,1,1.2433,ok
52,22760,1800,0.943185,0.963278,2048,2048,512,505,240,2.3607,ok
53,22760,3000,0.955935,1.000000,2048,2048,687,682,447,2.4494,ok
54,22760,4200,0.291998,0.508328,568,1807,1,1,0,1.3461,ok
55,23960,1800,0.219405,0.925601,690,2048,2,1,0,1.7130,ok
56,23960,3000,0.205935,1.000000,607,2048,0,0,0,0.9777,ok
57,23960,4200,0.059770,0,0,0,0,0,0,0.0000,skipped_low_ohrc_valid_fraction
